{
  "title": "POLIFORM CONCORDE - Trpezarijski sto od masiva",
  "paragraph": "Dizajnerski model po uzoru na POLIFORM CONCORDE Rectangular. Kombinacija masiva sa površinom od kvalitetne keramike.",
  "features": [
    "Glavni materijal: Masiv Hrast",
    "Površina: Keramika sa mogućnošću izbora dezena",
    "Dostupne dimenzije: \\n 218.5 x 108 x 74 \\n 240 x 108 x 74 \\n 280 x 108 x 74",
    "Veliki izbor dekora"
  ],
  "imageFolder": "proizvodi/img/poliform-concord/",
  "imageCount": 4
}
